USE [UniPlan]
GO

-- Inserts de prueba generados por IA para hacer pruebas jeje
-- Ordenados para respetar llaves foráneas.


INSERT INTO dbo.Programa (IdPrograma, Nombre, Descripcion, Estado, FechaCreacion)
VALUES
('11111111-1111-1111-1111-111111111111','Ingeniería en Sistemas','Programa orientado al desarrollo de software, bases de datos y arquitectura de sistemas.',1,'2026-01-05T08:00:00'),
('22222222-2222-2222-2222-222222222222','Administración de Empresas','Programa enfocado en gestión, finanzas, mercadeo y liderazgo organizacional.',1,'2026-01-05T08:00:00'),
('33333333-3333-3333-3333-333333333333','Diseño Gráfico','Programa enfocado en comunicación visual, identidad de marca y diseño digital.',1,'2026-01-05T08:00:00'),
('44444444-4444-4444-4444-444444444444','Contabilidad','Programa orientado a procesos contables, auditoría y legislación financiera.',1,'2026-01-05T08:00:00'),
('55555555-5555-5555-5555-555555555555','Derecho','Programa enfocado en fundamentos jurídicos, legislación y práctica profesional.',1,'2026-01-05T08:00:00'),
('66666666-6666-6666-6666-666666666666','Psicología','Programa enfocado en comportamiento humano, evaluación e intervención.',1,'2026-01-05T08:00:00'),
('77777777-7777-7777-7777-777777777777','Ingeniería Industrial','Programa orientado a optimización de procesos, calidad y productividad.',1,'2026-01-05T08:00:00'),
('88888888-8888-8888-8888-888888888888','Turismo','Programa enfocado en gestión turística, servicio y patrimonio.',1,'2026-01-05T08:00:00'),
('99999999-9999-9999-9999-999999999999','Enfermería','Programa orientado al cuidado integral de la salud y procedimientos clínicos.',1,'2026-01-05T08:00:00'),
('aaaaaaaa-aaaa-aaaa-aaaa-aaaaaaaaaaaa','Arquitectura','Programa enfocado en diseño de espacios, construcción y representación arquitectónica.',1,'2026-01-05T08:00:00');
GO


INSERT INTO dbo.Usuario (Id, NombreCompleto, Correo, Contrasenna, IdPrograma, Estado, FechaCreacion)
VALUES
('10000000-0000-0000-0000-000000000001','Ana Sofía Rojas','ana.rojas@uniplan.test','Ana123*','11111111-1111-1111-1111-111111111111',1,'2026-01-06T09:00:00'),
('10000000-0000-0000-0000-000000000002','Brandon Vega','brandon.vega@uniplan.test','Bran123*','11111111-1111-1111-1111-111111111111',1,'2026-01-06T09:00:00'),
('10000000-0000-0000-0000-000000000003','Camila Fernández','camila.fernandez@uniplan.test','Cami123*','22222222-2222-2222-2222-222222222222',1,'2026-01-06T09:00:00'),
('10000000-0000-0000-0000-000000000004','Daniel Morales','daniel.morales@uniplan.test','Dani123*','33333333-3333-3333-3333-333333333333',1,'2026-01-06T09:00:00'),
('10000000-0000-0000-0000-000000000005','Elena Quesada','elena.quesada@uniplan.test','Elen123*','44444444-4444-4444-4444-444444444444',1,'2026-01-06T09:00:00'),
('10000000-0000-0000-0000-000000000006','Fabio Calderón','fabio.calderon@uniplan.test','Fabi123*','55555555-5555-5555-5555-555555555555',1,'2026-01-06T09:00:00'),
('10000000-0000-0000-0000-000000000007','Gabriela Castro','gabriela.castro@uniplan.test','Gabi123*','66666666-6666-6666-6666-666666666666',1,'2026-01-06T09:00:00'),
('10000000-0000-0000-0000-000000000008','Héctor Salas','hector.salas@uniplan.test','Hect123*','77777777-7777-7777-7777-777777777777',1,'2026-01-06T09:00:00'),
('10000000-0000-0000-0000-000000000009','Ivanna Solano','ivanna.solano@uniplan.test','Ivan123*','88888888-8888-8888-8888-888888888888',1,'2026-01-06T09:00:00'),
('10000000-0000-0000-0000-000000000010','José Pablo Arias','jose.arias@uniplan.test','Jose123*','11111111-1111-1111-1111-111111111111',1,'2026-01-06T09:00:00');
GO


INSERT INTO dbo.Curso (Id, Codigo, Nombre, Creditos, Cuatrimestre, IdPrograma, Estado, FechaCreacion)
VALUES
('20000000-0000-0000-0000-000000000001','SIS101','Introducción a la Programación',4,1,'11111111-1111-1111-1111-111111111111',1,'2026-01-07T10:00:00'),
('20000000-0000-0000-0000-000000000002','SIS102','Lógica para Computación',3,1,'11111111-1111-1111-1111-111111111111',1,'2026-01-07T10:00:00'),
('20000000-0000-0000-0000-000000000003','SIS201','Programación Orientada a Objetos',4,2,'11111111-1111-1111-1111-111111111111',1,'2026-01-07T10:00:00'),
('20000000-0000-0000-0000-000000000004','SIS202','Bases de Datos I',4,2,'11111111-1111-1111-1111-111111111111',1,'2026-01-07T10:00:00'),
('20000000-0000-0000-0000-000000000005','SIS301','Estructuras de Datos',4,3,'11111111-1111-1111-1111-111111111111',1,'2026-01-07T10:00:00'),
('20000000-0000-0000-0000-000000000006','SIS302','Desarrollo Web',4,3,'11111111-1111-1111-1111-111111111111',1,'2026-01-07T10:00:00'),
('20000000-0000-0000-0000-000000000007','ADM101','Fundamentos de Administración',3,1,'22222222-2222-2222-2222-222222222222',1,'2026-01-07T10:00:00'),
('20000000-0000-0000-0000-000000000008','ADM201','Contabilidad Básica',3,2,'22222222-2222-2222-2222-222222222222',1,'2026-01-07T10:00:00'),
('20000000-0000-0000-0000-000000000009','DIS101','Diseño Digital I',3,1,'33333333-3333-3333-3333-333333333333',1,'2026-01-07T10:00:00'),
('20000000-0000-0000-0000-000000000010','DIS201','Tipografía',3,2,'33333333-3333-3333-3333-333333333333',1,'2026-01-07T10:00:00');
GO


INSERT INTO dbo.GrupoHorario (Id, IdCurso, NumeroGrupo, Profesor, Cupo, Estado)
VALUES
('30000000-0000-0000-0000-000000000001','20000000-0000-0000-0000-000000000001','01','MSc. Laura Ramírez',30,1),
('30000000-0000-0000-0000-000000000002','20000000-0000-0000-0000-000000000002','01','Lic. Mario Segura',28,1),
('30000000-0000-0000-0000-000000000003','20000000-0000-0000-0000-000000000003','02','Ing. Andrea Chaves',25,1),
('30000000-0000-0000-0000-000000000004','20000000-0000-0000-0000-000000000004','01','MSc. Ricardo Ureña',26,1),
('30000000-0000-0000-0000-000000000005','20000000-0000-0000-0000-000000000005','01','Ing. Paula Cordero',24,1),
('30000000-0000-0000-0000-000000000006','20000000-0000-0000-0000-000000000006','03','Ing. Esteban Solís',24,1),
('30000000-0000-0000-0000-000000000007','20000000-0000-0000-0000-000000000007','01','MBA. Karla Gómez',35,1),
('30000000-0000-0000-0000-000000000008','20000000-0000-0000-0000-000000000008','02','Lic. Andrés Varela',32,1),
('30000000-0000-0000-0000-000000000009','20000000-0000-0000-0000-000000000009','01','Diseñ. Sofía Alpízar',20,1),
('30000000-0000-0000-0000-000000000010','20000000-0000-0000-0000-000000000010','01','Diseñ. Valeria León',20,1);
GO


INSERT INTO dbo.HorarioDetalle (Id, IdGrupoHorario, Dia, HoraInicio, HoraFin, Aula)
VALUES
('40000000-0000-0000-0000-000000000001','30000000-0000-0000-0000-000000000001','Lunes','08:00:00','10:00:00','LAB-101'),
('40000000-0000-0000-0000-000000000002','30000000-0000-0000-0000-000000000002','Martes','10:00:00','12:00:00','A-203'),
('40000000-0000-0000-0000-000000000003','30000000-0000-0000-0000-000000000003','Miércoles','07:00:00','09:00:00','LAB-202'),
('40000000-0000-0000-0000-000000000004','30000000-0000-0000-0000-000000000004','Jueves','09:00:00','11:00:00','LAB-BD'),
('40000000-0000-0000-0000-000000000005','30000000-0000-0000-0000-000000000005','Viernes','13:00:00','15:00:00','LAB-204'),
('40000000-0000-0000-0000-000000000006','30000000-0000-0000-0000-000000000006','Sábado','08:00:00','11:00:00','LAB-WEB'),
('40000000-0000-0000-0000-000000000007','30000000-0000-0000-0000-000000000007','Lunes','18:00:00','20:00:00','B-105'),
('40000000-0000-0000-0000-000000000008','30000000-0000-0000-0000-000000000008','Miércoles','18:00:00','20:00:00','B-202'),
('40000000-0000-0000-0000-000000000009','30000000-0000-0000-0000-000000000009','Martes','14:00:00','17:00:00','D-301'),
('40000000-0000-0000-0000-000000000010','30000000-0000-0000-0000-000000000010','Jueves','14:00:00','16:00:00','D-205');
GO


INSERT INTO dbo.Planificacion (Id, IdUsuario, NumeroPeriodo, NombrePeriodo, FechaCreacion, Estado)
VALUES
('50000000-0000-0000-0000-000000000001','10000000-0000-0000-0000-000000000001',1,'I Cuatrimestre 2026','2026-01-15T08:30:00',1),
('50000000-0000-0000-0000-000000000002','10000000-0000-0000-0000-000000000001',2,'II Cuatrimestre 2026','2026-01-15T08:30:00',1),
('50000000-0000-0000-0000-000000000003','10000000-0000-0000-0000-000000000002',1,'I Cuatrimestre 2026','2026-01-15T08:30:00',1),
('50000000-0000-0000-0000-000000000004','10000000-0000-0000-0000-000000000003',1,'I Cuatrimestre 2026','2026-01-15T08:30:00',1),
('50000000-0000-0000-0000-000000000005','10000000-0000-0000-0000-000000000004',1,'I Cuatrimestre 2026','2026-01-15T08:30:00',1),
('50000000-0000-0000-0000-000000000006','10000000-0000-0000-0000-000000000005',1,'I Cuatrimestre 2026','2026-01-15T08:30:00',1),
('50000000-0000-0000-0000-000000000007','10000000-0000-0000-0000-000000000006',1,'I Cuatrimestre 2026','2026-01-15T08:30:00',1),
('50000000-0000-0000-0000-000000000008','10000000-0000-0000-0000-000000000007',1,'I Cuatrimestre 2026','2026-01-15T08:30:00',1),
('50000000-0000-0000-0000-000000000009','10000000-0000-0000-0000-000000000008',1,'I Cuatrimestre 2026','2026-01-15T08:30:00',1),
('50000000-0000-0000-0000-000000000010','10000000-0000-0000-0000-000000000010',3,'III Cuatrimestre 2026','2026-01-15T08:30:00',1);
GO


INSERT INTO dbo.CursoPlanificado (Id, IdPlanificacion, IdCurso, IdGrupoHorario, ColorHex)
VALUES
('60000000-0000-0000-0000-000000000001','50000000-0000-0000-0000-000000000001','20000000-0000-0000-0000-000000000001','30000000-0000-0000-0000-000000000001','#4F46E5'),
('60000000-0000-0000-0000-000000000002','50000000-0000-0000-0000-000000000001','20000000-0000-0000-0000-000000000002','30000000-0000-0000-0000-000000000002','#06B6D4'),
('60000000-0000-0000-0000-000000000003','50000000-0000-0000-0000-000000000002','20000000-0000-0000-0000-000000000003','30000000-0000-0000-0000-000000000003','#10B981'),
('60000000-0000-0000-0000-000000000004','50000000-0000-0000-0000-000000000002','20000000-0000-0000-0000-000000000004','30000000-0000-0000-0000-000000000004','#F59E0B'),
('60000000-0000-0000-0000-000000000005','50000000-0000-0000-0000-000000000003','20000000-0000-0000-0000-000000000001','30000000-0000-0000-0000-000000000001','#8B5CF6'),
('60000000-0000-0000-0000-000000000006','50000000-0000-0000-0000-000000000003','20000000-0000-0000-0000-000000000002','30000000-0000-0000-0000-000000000002','#EF4444'),
('60000000-0000-0000-0000-000000000007','50000000-0000-0000-0000-000000000004','20000000-0000-0000-0000-000000000007','30000000-0000-0000-0000-000000000007','#14B8A6'),
('60000000-0000-0000-0000-000000000008','50000000-0000-0000-0000-000000000005','20000000-0000-0000-0000-000000000009','30000000-0000-0000-0000-000000000009','#EC4899'),
('60000000-0000-0000-0000-000000000009','50000000-0000-0000-0000-000000000010','20000000-0000-0000-0000-000000000005','30000000-0000-0000-0000-000000000005','#6366F1'),
('60000000-0000-0000-0000-000000000010','50000000-0000-0000-0000-000000000010','20000000-0000-0000-0000-000000000006','30000000-0000-0000-0000-000000000006','#22C55E');
GO


INSERT INTO dbo.CursoAprobado (Id, IdUsuario, IdCurso, FechaAprobacion)
VALUES
('70000000-0000-0000-0000-000000000001','10000000-0000-0000-0000-000000000001','20000000-0000-0000-0000-000000000001','2026-01-10T12:00:00'),
('70000000-0000-0000-0000-000000000002','10000000-0000-0000-0000-000000000001','20000000-0000-0000-0000-000000000002','2026-01-10T12:00:00'),
('70000000-0000-0000-0000-000000000003','10000000-0000-0000-0000-000000000002','20000000-0000-0000-0000-000000000001','2026-01-09T12:00:00'),
('70000000-0000-0000-0000-000000000004','10000000-0000-0000-0000-000000000002','20000000-0000-0000-0000-000000000002','2026-01-09T12:00:00'),
('70000000-0000-0000-0000-000000000005','10000000-0000-0000-0000-000000000003','20000000-0000-0000-0000-000000000007','2026-01-08T12:00:00'),
('70000000-0000-0000-0000-000000000006','10000000-0000-0000-0000-000000000004','20000000-0000-0000-0000-000000000009','2026-01-12T12:00:00'),
('70000000-0000-0000-0000-000000000007','10000000-0000-0000-0000-000000000010','20000000-0000-0000-0000-000000000001','2025-08-20T12:00:00'),
('70000000-0000-0000-0000-000000000008','10000000-0000-0000-0000-000000000010','20000000-0000-0000-0000-000000000002','2025-08-20T12:00:00'),
('70000000-0000-0000-0000-000000000009','10000000-0000-0000-0000-000000000010','20000000-0000-0000-0000-000000000003','2025-12-15T12:00:00'),
('70000000-0000-0000-0000-000000000010','10000000-0000-0000-0000-000000000010','20000000-0000-0000-0000-000000000004','2025-12-15T12:00:00');
GO


INSERT INTO dbo.RequisitoCurso (Id, IdCurso, IdCursoRequerido, EsCorrequisito)
VALUES
('80000000-0000-0000-0000-000000000001','20000000-0000-0000-0000-000000000003','20000000-0000-0000-0000-000000000001',0),
('80000000-0000-0000-0000-000000000002','20000000-0000-0000-0000-000000000003','20000000-0000-0000-0000-000000000002',0),
('80000000-0000-0000-0000-000000000003','20000000-0000-0000-0000-000000000004','20000000-0000-0000-0000-000000000001',0),
('80000000-0000-0000-0000-000000000004','20000000-0000-0000-0000-000000000005','20000000-0000-0000-0000-000000000003',0),
('80000000-0000-0000-0000-000000000005','20000000-0000-0000-0000-000000000005','20000000-0000-0000-0000-000000000002',0),
('80000000-0000-0000-0000-000000000006','20000000-0000-0000-0000-000000000006','20000000-0000-0000-0000-000000000003',0),
('80000000-0000-0000-0000-000000000007','20000000-0000-0000-0000-000000000006','20000000-0000-0000-0000-000000000004',1),
('80000000-0000-0000-0000-000000000008','20000000-0000-0000-0000-000000000008','20000000-0000-0000-0000-000000000007',0),
('80000000-0000-0000-0000-000000000009','20000000-0000-0000-0000-000000000010','20000000-0000-0000-0000-000000000009',0),
('80000000-0000-0000-0000-000000000010','20000000-0000-0000-0000-000000000004','20000000-0000-0000-0000-000000000002',1);
GO


INSERT INTO dbo.Perfiles (Id, Nombre, FechaCreacion, FechaModificacion, UsuarioCrea, UsuarioModifica)
VALUES
(1,'Administrador','2026-01-02T08:00:00',NULL,NULL,NULL),
(2,'Estudiante','2026-01-02T08:00:00',NULL,NULL,NULL),
(3,'Coordinador Académico','2026-01-02T08:00:00',NULL,NULL,NULL),
(4,'Docente','2026-01-02T08:00:00',NULL,NULL,NULL),
(5,'Asistente','2026-01-02T08:00:00',NULL,NULL,NULL),
(6,'Auditor','2026-01-02T08:00:00',NULL,NULL,NULL),
(7,'Invitado','2026-01-02T08:00:00',NULL,NULL,NULL),
(8,'Gestor de Horarios','2026-01-02T08:00:00',NULL,NULL,NULL),
(9,'Soporte','2026-01-02T08:00:00',NULL,NULL,NULL),
(10,'Consulta','2026-01-02T08:00:00',NULL,NULL,NULL);
GO


INSERT INTO dbo.Usuarios (Id, NombreUsuario, PasswordHash, CorreoElectronico, FechaCreacion, FechaModificacion, UsuarioCrea, UsuarioModifica)
VALUES
('90000000-0000-0000-0000-000000000001','admin.uniplan','HASH_ADMIN','admin@uniplan.test','2026-01-03T08:00:00',NULL,NULL,NULL),
('90000000-0000-0000-0000-000000000002','ana.rojas','HASH_ANA','ana.seg@uniplan.test','2026-01-03T08:00:00',NULL,NULL,NULL),
('90000000-0000-0000-0000-000000000003','brandon.vega','HASH_BRANDON','brandon.seg@uniplan.test','2026-01-03T08:00:00',NULL,NULL,NULL),
('90000000-0000-0000-0000-000000000004','camila.fernandez','HASH_CAMILA','camila.seg@uniplan.test','2026-01-03T08:00:00',NULL,NULL,NULL),
('90000000-0000-0000-0000-000000000005','daniel.morales','HASH_DANIEL','daniel.seg@uniplan.test','2026-01-03T08:00:00',NULL,NULL,NULL),
('90000000-0000-0000-0000-000000000006','elena.quesada','HASH_ELENA','elena.seg@uniplan.test','2026-01-03T08:00:00',NULL,NULL,NULL),
('90000000-0000-0000-0000-000000000007','fabio.calderon','HASH_FABIO','fabio.seg@uniplan.test','2026-01-03T08:00:00',NULL,NULL,NULL),
('90000000-0000-0000-0000-000000000008','gabriela.castro','HASH_GABRIELA','gabriela.seg@uniplan.test','2026-01-03T08:00:00',NULL,NULL,NULL),
('90000000-0000-0000-0000-000000000009','hector.salas','HASH_HECTOR','hector.seg@uniplan.test','2026-01-03T08:00:00',NULL,NULL,NULL),
('90000000-0000-0000-0000-000000000010','jose.arias','HASH_JOSE','jose.seg@uniplan.test','2026-01-03T08:00:00',NULL,NULL,NULL);
GO


INSERT INTO dbo.PerfilesxUsuario (IdUsuario, IdPerfil)
VALUES
('90000000-0000-0000-0000-000000000001',1),
('90000000-0000-0000-0000-000000000002',2),
('90000000-0000-0000-0000-000000000003',2),
('90000000-0000-0000-0000-000000000004',2),
('90000000-0000-0000-0000-000000000005',2),
('90000000-0000-0000-0000-000000000006',2),
('90000000-0000-0000-0000-000000000007',2),
('90000000-0000-0000-0000-000000000008',2),
('90000000-0000-0000-0000-000000000009',8),
('90000000-0000-0000-0000-000000000010',3);
GO
